{
  "original": {
    "config": {
      "drop_kingdom": false,
      "outer": 5,
      "inner": 3,
      "top_n": 20
    },
    "accuracy_mean": 0.6754501915708813,
    "accuracy_std": 0.04180043704721246,
    "auc_mean": 0.6263625894391058,
    "auc_std": 0.04281279600561524,
    "fold_accuracies": [
      0.593103448275862,
      0.7034482758620689,
      0.6827586206896552,
      0.696551724137931,
      0.7013888888888888
    ]
  },
  "no_kingdom": {
    "config": {
      "drop_kingdom": true,
      "outer": 5,
      "inner": 3,
      "top_n": 20
    },
    "accuracy_mean": 0.6616187739463603,
    "accuracy_std": 0.032167763009357295,
    "auc_mean": 0.5982574713511677,
    "auc_std": 0.024858519148064605,
    "fold_accuracies": [
      0.6,
      0.6896551724137931,
      0.6620689655172414,
      0.6827586206896552,
      0.6736111111111112
    ]
  },
  "delta_accuracy": -0.013831417624521003
}