{
  "concentration": {
    "n_nonzero_features": 42,
    "top1_pct": 26.470062425102753,
    "top5_pct": 50.37058280535041,
    "avg_importance": 0.023809523809523767,
    "top1_vs_avg_ratio": 11.117426218543157
  },
  "original_cv": {
    "accuracy_mean": 0.6754501915708813,
    "accuracy_std": 0.04180043704721246,
    "auc_mean": 0.6263625894391058,
    "auc_std": 0.04281279600561524,
    "fold_accuracies": [
      0.593103448275862,
      0.7034482758620689,
      0.6827586206896552,
      0.696551724137931,
      0.7013888888888888
    ]
  },
  "no_pwy7199_cv": {
    "accuracy_mean": 0.6795881226053639,
    "accuracy_std": 0.020744932896144028,
    "auc_mean": 0.6204732957012593,
    "auc_std": 0.03269344088668062,
    "fold_accuracies": [
      0.6482758620689655,
      0.6620689655172414,
      0.6896551724137931,
      0.696551724137931,
      0.7013888888888888
    ]
  },
  "delta_accuracy": 0.004137931034482678
}